"성별","국적별",2023.08 p),2023.08 p),2023.08 p),2023.08 p),2023.09 p),2023.09 p),2023.09 p),2023.09 p),2023.10 p),2023.10 p),2023.10 p),2023.10 p),2021,2021,2021,2021,2022,2022,2022,2022
"성별","국적별",총이동,입국자,출국자,국제순이동,총이동,입국자,출국자,국제순이동,총이동,입국자,출국자,국제순이동,총이동,입국자,출국자,국제순이동,총이동,입국자,출국자,국제순이동
"계","합계",87582,60740,26842,33898,66885,44573,22312,22261,55254,31787,23467,8320,483826,220571,263255,-42684,657519,412948,244571,168377
"계","아프가니스탄",27,19,8,11,11,7,4,3,8,5,3,2,615,538,77,461,171,111,60,51
"계","바레인",6,4,2,2,-,-,-,-,-,-,-,-,11,5,6,-1,8,7,1,6
"계","방글라데시",775,624,151,473,779,585,194,391,602,394,208,186,2758,1048,1710,-662,9366,7283,2083,5200
"계","부탄",5,1,4,-3,1,1,0,1,-,-,-,-,24,17,7,10,30,16,14,2
"계","브루나이",63,61,2,59,2,0,2,-2,1,0,1,-1,23,18,5,13,255,147,108,39
"계","미얀마",1974,1740,234,1506,1702,1493,209,1284,1036,649,387,262,3729,1463,2266,-803,12869,10237,2632,7605
"계","캄보디아",1951,1357,594,763,1743,1299,444,855,1964,1339,625,714,8924,4583,4341,242,17324,12004,5320,6684
"계","스리랑카",938,703,235,468,1147,991,156,835,764,541,223,318,5251,1435,3816,-2381,10845,7708,3137,4571
"계","중국",27649,18810,8839,9971,21042,14010,7032,6978,18387,12245,6142,6103,211427,94848,116579,-21731,164805,95063,69742,25321
"계","타이완",823,624,199,425,268,140,128,12,187,97,90,7,3092,1644,1448,196,3489,2050,1439,611
"계","키프러스",8,5,3,2,-,-,-,-,1,0,1,-1,21,8,13,-5,18,9,9,0
"계","홍콩",222,149,73,76,84,42,42,0,43,23,20,3,1212,621,591,30,1353,795,558,237
"계","인도",835,522,313,209,620,394,226,168,679,377,302,75,5017,2727,2290,437,7524,4510,3014,1496
"계","인도네시아",3111,2602,509,2093,1136,723,413,310,1093,734,359,375,8837,3053,5784,-2731,22850,16669,6181,10488
"계","이란",84,46,38,8,50,32,18,14,35,19,16,3,450,263,187,76,571,316,255,61
"계","이라크",31,24,7,17,20,12,8,4,14,7,7,0,360,212,148,64,332,167,165,2
"계","이스라엘",32,23,9,14,21,10,11,-1,14,9,5,4,137,64,73,-9,124,67,57,10
"계","일본",1967,1330,637,693,893,538,355,183,459,219,240,-21,10370,6139,4231,1908,12711,7177,5534,1643
"계","요르단",31,16,15,1,28,24,4,20,22,12,10,2,228,114,114,0,242,150,92,58
"계","카자흐스탄",2092,1291,801,490,1856,1301,555,746,1299,725,574,151,11513,6111,5402,709,20383,15635,4748,10887
"계","키르기스스탄",484,341,143,198,432,309,123,186,308,177,131,46,2590,1553,1037,516,4168,3056,1112,1944
"계","쿠웨이트",4,4,0,4,4,2,2,0,3,2,1,1,30,19,11,8,36,16,20,-4
"계","라오스",555,305,250,55,292,170,122,48,704,262,442,-180,529,343,186,157,1757,1310,447,863
"계","레바논",5,3,2,1,3,1,2,-1,5,3,2,1,25,13,12,1,32,11,21,-10
"계","마카오",12,8,4,4,9,8,1,7,2,0,2,-2,61,28,33,-5,49,30,19,11
"계","말레이시아",686,537,149,388,376,272,104,168,314,221,93,128,2096,753,1343,-590,3431,1927,1504,423
"계","몰디브",-,-,-,-,1,1,0,1,-,-,-,-,14,6,8,-2,2,1,1,0
"계","몽골",2041,1180,861,319,2175,1521,654,867,1037,467,570,-103,13852,3822,10030,-6208,15663,10788,4875,5913
"계","네팔",2886,2646,240,2406,1424,1106,318,788,776,411,365,46,5111,999,4112,-3113,21108,15990,5118,10872
"계","오만",9,8,1,7,1,0,1,-1,1,1,0,1,29,16,13,3,52,31,21,10
"계","파키스탄",492,361,131,230,479,340,139,201,385,191,194,-3,3111,1214,1897,-683,5538,3636,1902,1734
"계","팔레스타인",7,4,3,1,4,2,2,0,-,-,-,-,55,29,26,3,39,28,11,17
"계","필리핀",2578,1412,1166,246,2513,1128,1385,-257,2999,1169,1830,-661,6245,1847,4398,-2551,21341,13612,7729,5883
"계","티모르민주공화국",132,112,20,92,109,90,19,71,84,48,36,12,447,304,143,161,1456,1247,209,1038
"계","카타르",1,0,1,-1,-,-,-,-,3,1,2,-1,15,8,7,1,16,9,7,2
"계","사우디아라비아",149,112,37,75,42,16,26,-10,25,13,12,1,889,454,435,19,658,355,303,52
"계","싱가포르",226,197,29,168,32,19,13,6,29,14,15,-1,463,276,187,89,1012,524,488,36
"계","시리아",50,37,13,24,26,16,10,6,50,32,18,14,199,53,146,-93,592,316,276,40
"계","타지키스탄",115,64,51,13,85,53,32,21,87,56,31,25,1218,749,469,280,1526,868,658,210
"계","태국",4288,1814,2474,-660,4446,2100,2346,-246,4524,1922,2602,-680,19560,5166,14394,-9228,52148,34744,17404,17340
"계","튀르키예",318,205,113,92,258,179,79,100,152,77,75,2,812,429,383,46,2695,2157,538,1619
"계","투르크메니스탄",43,35,8,27,66,58,8,50,35,24,11,13,43,11,32,-21,220,186,34,152
"계","아랍에미리트연합",99,40,59,-19,68,28,40,-12,71,19,52,-33,531,356,175,181,1029,577,452,125
"계","우즈베키스탄",2881,1652,1229,423,3750,2684,1066,1618,2194,1153,1041,112,23860,13092,10768,2324,34064,22208,11856,10352
"계","베트남",9266,6621,2645,3976,8773,6395,2378,4017,7170,3670,3500,170,34581,17402,17179,223,86077,51650,34427,17223
"계","예멘공화국",45,33,12,21,42,27,15,12,34,19,15,4,182,77,105,-28,512,266,246,20
"계","아르헨티나",18,10,8,2,16,12,4,8,7,5,2,3,127,78,49,29,185,118,67,51
"계","바하마",-,-,-,-,1,1,0,1,-,-,-,-,4,1,3,-2,3,1,2,-1
"계","바베이도스",1,1,0,1,2,0,2,-2,-,-,-,-,2,2,0,2,5,3,2,1
"계","벨리즈",-,-,-,-,-,-,-,-,-,-,-,-,8,4,4,0,7,3,4,-1
"계","볼리비아",7,5,2,3,4,2,2,0,1,0,1,-1,34,18,16,2,37,25,12,13
"계","브라질",172,116,56,60,77,43,34,9,62,14,48,-34,842,491,351,140,1113,668,445,223
"계","캐나다",854,500,354,146,894,546,348,198,758,448,310,138,6912,3301,3611,-310,9908,5385,4523,862
"계","칠레",45,31,14,17,17,11,6,5,7,2,5,-3,148,79,69,10,252,155,97,58
"계","콜롬비아",58,46,12,34,16,10,6,4,18,7,11,-4,293,167,126,41,344,198,146,52
"계","코스타리카",9,9,0,9,4,3,1,2,2,0,2,-2,41,24,17,7,47,28,19,9
"계","쿠바",6,6,0,6,5,3,2,1,3,2,1,1,26,19,7,12,21,11,10,1
"계","도미니카연방",5,5,0,5,-,-,-,-,-,-,-,-,5,3,2,1,5,0,5,-5
"계","도미니카공화국",8,6,2,4,1,1,0,1,11,2,9,-7,57,34,23,11,61,28,33,-5
"계","에콰도르",38,30,8,22,10,3,7,-4,7,1,6,-5,137,69,68,1,155,81,74,7
"계","엘살바도르",5,5,0,5,2,2,0,2,3,1,2,-1,46,22,24,-2,29,20,9,11
"계","그레나다",-,-,-,-,-,-,-,-,-,-,-,-,-,-,-,-,1,1,0,1
"계","과테말라",6,3,3,0,4,1,3,-2,2,0,2,-2,31,16,15,1,43,26,17,9
"계","가이아나",5,5,0,5,3,1,2,-1,-,-,-,-,2,1,1,0,10,8,2,6
"계","아이티",4,0,4,-4,3,0,3,-3,-,-,-,-,11,6,5,1,166,158,8,150
"계","온두라스",1,1,0,1,1,1,0,1,3,0,3,-3,21,10,11,-1,22,13,9,4
"계","자메이카",5,2,3,-1,2,2,0,2,4,4,0,4,22,11,11,0,35,15,20,-5
"계","멕시코",230,205,25,180,55,26,29,-3,24,11,13,-2,954,450,504,-54,1374,739,635,104
"계","네덜란드령앤틸리스",-,-,-,-,-,-,-,-,-,-,-,-,-,-,-,-,1,0,1,-1
"계","니카라과",4,4,0,4,-,-,-,-,2,1,1,0,20,7,13,-6,26,14,12,2
"계","파나마",8,7,1,6,1,1,0,1,1,0,1,-1,32,19,13,6,28,16,12,4
"계","파라과이",5,5,0,5,5,4,1,3,19,3,16,-13,36,23,13,10,65,37,28,9
"계","페루",48,33,15,18,18,11,7,4,15,6,9,-3,221,103,118,-15,295,187,108,79
"계","세인트크리토퍼 네비스",-,-,-,-,-,-,-,-,1,0,1,-1,1,1,0,1,9,5,4,1
"계","세인트루시아",-,-,-,-,-,-,-,-,-,-,-,-,3,2,1,1,-,-,-,-
"계","세인트빈센트그레나딘",-,-,-,-,-,-,-,-,-,-,-,-,1,1,0,1,-,-,-,-
"계","수리남",-,-,-,-,-,-,-,-,-,-,-,-,3,2,1,1,1,0,1,-1
"계","트리니다드토바고",2,2,0,2,-,-,-,-,-,-,-,-,16,7,9,-2,12,8,4,4
"계","우루과이",2,2,0,2,2,2,0,2,1,0,1,-1,20,12,8,4,17,8,9,-1
"계","미국",5129,3682,1447,2235,3343,2030,1313,717,2744,1639,1105,534,33365,16980,16385,595,38412,21464,16948,4516
"계","베네수엘라",5,4,1,3,11,7,4,3,16,4,12,-8,117,44,73,-29,94,49,45,4
"계","알바니아",5,4,1,3,8,4,4,0,-,-,-,-,25,11,14,-3,41,19,22,-3
"계","안도라",-,-,-,-,-,-,-,-,-,-,-,-,1,1,0,1,1,0,1,-1
"계","오스트리아",72,56,16,40,25,12,13,-1,11,4,7,-3,335,177,158,19,423,221,202,19
"계","아르메니아",12,9,3,6,4,3,1,2,3,2,1,1,36,20,16,4,20,12,8,4
"계","아제르바이잔",102,95,7,88,12,7,5,2,4,1,3,-2,115,79,36,43,190,110,80,30
"계","벨기에",115,94,21,73,49,40,9,31,19,8,11,-3,732,392,340,52,773,366,407,-41
"계","불가리아",19,18,1,17,4,2,2,0,5,3,2,1,106,56,50,6,92,45,47,-2
"계","벨로루시",40,30,10,20,10,8,2,6,19,10,9,1,195,117,78,39,239,141,98,43
"계","보스니아헤르체고비나",3,1,2,-1,1,1,0,1,-,-,-,-,7,4,3,1,14,9,5,4
"계","체코",86,69,17,52,9,5,4,1,5,2,3,-1,272,140,132,8,360,197,163,34
"계","에스토니아",13,12,1,11,-,-,-,-,1,1,0,1,50,26,24,2,52,28,24,4
"계","덴마크",140,127,13,114,15,9,6,3,13,4,9,-5,462,255,207,48,547,276,271,5
"계","영국",670,494,176,318,279,117,162,-45,144,77,67,10,2872,1593,1279,314,3458,1880,1578,302
"계","영국 속령지 시민",1,1,0,1,-,-,-,-,-,-,-,-,2,1,1,0,1,0,1,-1
"계","영국 외지민",3,0,3,-3,1,1,0,1,2,1,1,0,32,17,15,2,49,27,22,5
"계","영국 외지시민",-,-,-,-,-,-,-,-,-,-,-,-,1,1,0,1,-,-,-,-
"계","핀란드",124,105,19,86,14,12,2,10,4,1,3,-2,480,239,241,-2,656,336,320,16
"계","프랑스",1802,1511,291,1220,385,221,164,57,217,101,116,-15,5995,2639,3356,-717,8800,4613,4187,426
"계","조지아",15,14,1,13,3,3,0,3,-,-,-,-,57,30,27,3,62,39,23,16
"계","독일",1318,1091,227,864,292,157,135,22,129,66,63,3,4382,2420,1962,458,5756,3064,2692,372
"계","그리스",40,26,14,12,14,10,4,6,8,6,2,4,263,110,153,-43,219,94,125,-31
"계","헝가리",66,57,9,48,6,4,2,2,5,3,2,1,168,88,80,8,242,127,115,12
"계","아이슬랜드",12,10,2,8,-,-,-,-,6,2,4,-2,14,5,9,-4,38,18,20,-2
"계","아일랜드",54,40,14,26,15,6,9,-3,13,2,11,-9,352,196,156,40,402,199,203,-4
"계","이탈리아",258,215,43,172,84,60,24,36,43,19,24,-5,1124,565,559,6,1312,725,587,138
"계","코소보",1,1,0,1,3,3,0,3,-,-,-,-,4,1,3,-2,6,4,2,2
"계","라트비아",25,25,0,25,7,6,1,5,2,1,1,0,64,40,24,16,79,33,46,-13
"계","리히텐슈타인",-,-,-,-,-,-,-,-,-,-,-,-,2,1,1,0,-,-,-,-
"계","룩셈부르크",6,6,0,6,3,1,2,-1,1,0,1,-1,28,14,14,0,37,22,15,7
"계","리투아니아",42,41,1,40,7,5,2,3,2,1,1,0,157,85,72,13,182,95,87,8
"계","북마케도니아",1,1,0,1,-,-,-,-,-,-,-,-,9,6,3,3,9,4,5,-1
"계","몰타",-,-,-,-,-,-,-,-,1,0,1,-1,4,2,2,0,2,1,1,0
"계","모나코",1,1,0,1,-,-,-,-,-,-,-,-,-,-,-,-,-,-,-,-
"계","몰도바",11,11,0,11,2,2,0,2,-,-,-,-,45,23,22,1,30,18,12,6
"계","몬테네그로",1,1,0,1,-,-,-,-,-,-,-,-,7,3,4,-1,21,8,13,-5
"계","네덜란드",350,306,44,262,66,25,41,-16,39,20,19,1,893,493,400,93,1811,929,882,47
"계","노르웨이",86,74,12,62,7,1,6,-5,11,5,6,-1,295,162,133,29,369,176,193,-17
"계","폴란드",125,106,19,87,36,26,10,16,31,7,24,-17,501,288,213,75,612,328,284,44
"계","포르투칼",45,31,14,17,13,7,6,1,6,0,6,-6,291,111,180,-69,255,110,145,-35
"계","루마니아",29,22,7,15,13,5,8,-3,6,1,5,-4,222,125,97,28,231,112,119,-7
"계","러시아(연방)",2582,1726,856,870,2675,2008,667,1341,2023,1310,713,597,16038,7314,8724,-1410,18400,12324,6076,6248
"계","세르비아",8,7,1,6,8,8,0,8,6,3,3,0,72,31,41,-10,54,30,24,6
"계","슬로바크",25,20,5,15,2,2,0,2,1,0,1,-1,98,52,46,6,101,45,56,-11
"계","슬로베니아",13,12,1,11,-,-,-,-,3,2,1,1,35,21,14,7,49,21,28,-7
"계","스페인",315,275,40,235,64,37,27,10,50,23,27,-4,1292,742,550,192,1444,762,682,80
"계","스웨덴",190,156,34,122,50,38,12,26,22,7,15,-8,746,435,311,124,982,507,475,32
"계","스위스",105,84,21,63,32,16,16,0,6,4,2,2,491,265,226,39,552,293,259,34
"계","우크라이나",109,50,59,-9,108,57,51,6,74,23,51,-28,1800,1055,745,310,2072,1625,447,1178
"계","크로아티아",11,8,3,5,3,1,2,-1,2,1,1,0,77,36,41,-5,71,35,36,-1
"계","오스트레일리아",323,212,111,101,253,157,96,61,244,153,91,62,1738,910,828,82,3137,1876,1261,615
"계","피지",10,9,1,8,5,1,4,-3,1,0,1,-1,22,10,12,-2,32,21,11,10
"계","키리바시",1,0,1,-1,-,-,-,-,-,-,-,-,48,15,33,-18,1,0,1,-1
"계","미크로네시아",1,1,0,1,-,-,-,-,-,-,-,-,3,0,3,-3,2,2,0,2
"계","마샬군도",-,-,-,-,-,-,-,-,1,1,0,1,1,0,1,-1,7,6,1,5
"계","나우루",-,-,-,-,-,-,-,-,-,-,-,-,-,-,-,-,2,1,1,0
"계","뉴질랜드",91,49,42,7,114,66,48,18,92,54,38,16,747,386,361,25,1258,680,578,102
"계","팔라우",-,-,-,-,3,0,3,-3,-,-,-,-,-,-,-,-,1,0,1,-1
"계","파푸아뉴기니",-,-,-,-,1,1,0,1,-,-,-,-,8,4,4,0,11,7,4,3
"계","사모아",1,0,1,-1,1,0,1,-1,-,-,-,-,-,-,-,-,-,-,-,-
"계","솔로몬군도",2,1,1,0,1,1,0,1,-,-,-,-,6,2,4,-2,4,3,1,2
"계","통가",-,-,-,-,-,-,-,-,-,-,-,-,-,-,-,-,1,1,0,1
"계","투발루",-,-,-,-,-,-,-,-,-,-,-,-,1,0,1,-1,-,-,-,-
"계","바누아투",-,-,-,-,1,0,1,-1,1,1,0,1,35,13,22,-9,5,3,2,1
"계","알제리",21,19,2,17,20,10,10,0,17,6,11,-5,123,49,74,-25,141,73,68,5
"계","앙골라",3,3,0,3,6,5,1,4,-,-,-,-,22,7,15,-8,34,21,13,8
"계","보츠와나",4,4,0,4,1,1,0,1,1,0,1,-1,14,8,6,2,21,12,9,3
"계","부룬디",37,35,2,33,55,53,2,51,4,3,1,2,50,32,18,14,113,89,24,65
"계","카메룬",49,31,18,13,7,3,4,-1,11,5,6,-1,179,71,108,-37,226,89,137,-48
"계","중앙아프리카공화국",-,-,-,-,-,-,-,-,-,-,-,-,1,1,0,1,9,6,3,3
"계","챠드",-,-,-,-,-,-,-,-,-,-,-,-,4,2,2,0,8,5,3,2
"계","코모로",4,1,3,-2,1,1,0,1,1,1,0,1,-,-,-,-,9,5,4,1
"계","콩고",3,2,1,1,-,-,-,-,1,0,1,-1,5,3,2,1,16,9,7,2
"계","콩고민주공화국",18,14,4,10,11,8,3,5,11,8,3,5,71,43,28,15,80,55,25,30
"계","베넹",-,-,-,-,2,1,1,0,-,-,-,-,10,3,7,-4,8,4,4,0
"계","지부티",-,-,-,-,-,-,-,-,-,-,-,-,2,1,1,0,2,1,1,0
"계","이집트",151,95,56,39,133,91,42,49,137,67,70,-3,762,304,458,-154,1192,524,668,-144
"계","적도기니아",-,-,-,-,1,0,1,-1,-,-,-,-,5,3,2,1,6,4,2,2
"계","에티오피아",77,61,16,45,66,46,20,26,33,15,18,-3,254,146,108,38,330,194,136,58
"계","에리트레아",-,-,-,-,-,-,-,-,-,-,-,-,2,2,0,2,5,2,3,-1
"계","가봉",4,3,1,2,2,2,0,2,1,0,1,-1,20,12,8,4,36,21,15,6
"계","감비아",6,2,4,-2,7,3,4,-1,2,1,1,0,29,8,21,-13,46,24,22,2
"계","가나",80,51,29,22,36,22,14,8,42,20,22,-2,405,188,217,-29,394,208,186,22
"계","기니",7,3,4,-1,7,2,5,-3,6,1,5,-4,46,13,33,-20,57,20,37,-17
"계","기니비사우",1,1,0,1,-,-,-,-,-,-,-,-,4,2,2,0,6,0,6,-6
"계","코트디부아르",20,17,3,14,4,3,1,2,17,1,16,-15,31,15,16,-1,47,28,19,9
"계","케냐",54,46,8,38,18,10,8,2,9,4,5,-1,168,88,80,8,217,154,63,91
"계","레소토",1,1,0,1,1,1,0,1,1,0,1,-1,1,0,1,-1,2,2,0,2
"계","라이베리아",23,22,1,21,4,2,2,0,6,0,6,-6,97,31,66,-35,86,43,43,0
"계","리비아",45,19,26,-7,43,31,12,19,18,7,11,-4,582,253,329,-76,527,310,217,93
"계","마다가스카르",4,4,0,4,2,2,0,2,1,1,0,1,12,9,3,6,19,9,10,-1
"계","말라위",10,9,1,8,2,0,2,-2,1,0,1,-1,26,11,15,-4,40,28,12,16
"계","말리",3,1,2,-1,3,3,0,3,6,0,6,-6,31,11,20,-9,98,67,31,36
"계","모리타니",1,1,0,1,-,-,-,-,-,-,-,-,8,6,2,4,3,1,2,-1
"계","모리셔스",1,1,0,1,3,2,1,1,-,-,-,-,15,6,9,-3,21,16,5,11
"계","모로코",88,70,18,52,50,29,21,8,51,25,26,-1,452,244,208,36,800,508,292,216
"계","모잠비크",4,2,2,0,2,2,0,2,-,-,-,-,100,51,49,2,54,23,31,-8
"계","나미비아",-,-,-,-,1,1,0,1,-,-,-,-,2,1,1,0,2,1,1,0
"계","니제르",-,-,-,-,1,1,0,1,1,1,0,1,1,0,1,-1,-,-,-,-
"계","나이지리아",94,64,30,34,62,33,29,4,19,6,13,-7,556,276,280,-4,678,347,331,16
"계","짐바브웨",18,12,6,6,3,1,2,-1,2,1,1,0,49,27,22,5,39,21,18,3
"계","르완다",49,45,4,41,21,14,7,7,8,5,3,2,122,71,51,20,212,151,61,90
"계","세네갈",14,12,2,10,2,1,1,0,9,8,1,7,64,17,47,-30,60,30,30,0
"계","세이쉘",1,0,1,-1,-,-,-,-,-,-,-,-,1,0,1,-1,-,-,-,-
"계","시에라리온",9,8,1,7,3,1,2,-1,2,0,2,-2,28,17,11,6,12,10,2,8
"계","소말리아",7,5,2,3,-,-,-,-,-,-,-,-,18,9,9,0,19,10,9,1
"계","남아프리카공화국",320,200,120,80,177,101,76,25,124,80,44,36,892,467,425,42,1973,1376,597,779
"계","수단",9,5,4,1,7,3,4,-1,9,6,3,3,113,54,59,-5,147,87,60,27
"계","스와질랜드",1,1,0,1,-,-,-,-,-,-,-,-,3,2,1,1,6,3,3,0
"계","남수단공화국",4,4,0,4,2,1,1,0,-,-,-,-,4,4,0,4,5,4,1,3
"계","탄자니아",64,52,12,40,24,19,5,14,14,9,5,4,145,87,58,29,301,221,80,141
"계","토고",2,1,1,0,-,-,-,-,-,-,-,-,9,3,6,-3,15,5,10,-5
"계","튀니지",43,33,10,23,59,49,10,39,68,62,6,56,88,42,46,-4,179,135,44,91
"계","우간다",51,43,8,35,7,3,4,-1,26,13,13,0,148,68,80,-12,211,141,70,71
"계","부르키나파소",4,4,0,4,2,1,1,0,3,1,2,-1,9,4,5,-1,18,8,10,-2
"계","잠비아",12,9,3,6,8,4,4,0,-,-,-,-,27,13,14,-1,42,22,20,2
"계","무국적",3,2,1,1,1,1,0,1,-,-,-,-,9,6,3,3,45,40,5,35
"계","국제연합",1,0,1,-1,-,-,-,-,2,2,0,2,18,6,12,-6,17,8,9,-1
"계","미상",1,0,1,-1,-,-,-,-,3,1,2,-1,26,10,16,-6,34,9,25,-16
"남자","합계",44396,30764,13632,17132,36099,24168,11931,12237,31355,18095,13260,4835,252927,107806,145121,-37315,361202,229897,131305,98592
"남자","아프가니스탄",21,15,6,9,10,6,4,2,7,4,3,1,373,310,63,247,123,71,52,19
"남자","바레인",-,-,-,-,-,-,-,-,-,-,-,-,1,0,1,-1,1,1,0,1
"남자","방글라데시",606,484,122,362,615,463,152,311,459,296,163,133,2143,632,1511,-879,8276,6575,1701,4874
"남자","부탄",4,0,4,-4,-,-,-,-,-,-,-,-,9,7,2,5,15,6,9,-3
"남자","브루나이",15,14,1,13,-,-,-,-,-,-,-,-,7,6,1,5,72,39,33,6
"남자","미얀마",1688,1480,208,1272,1237,1055,182,873,965,592,373,219,3002,837,2165,-1328,11189,8686,2503,6183
"남자","캄보디아",1385,954,431,523,1172,938,234,704,1355,1000,355,645,6050,3006,3044,-38,11789,8111,3678,4433
"남자","스리랑카",799,583,216,367,1006,862,144,718,688,482,206,276,5004,1309,3695,-2386,10308,7301,3007,4294
"남자","중국",12352,8300,4052,4248,10210,6720,3490,3230,9099,6019,3080,2939,106940,47827,59113,-11286,79395,44207,35188,9019
"남자","타이완",115,72,43,29,58,31,27,4,56,24,32,-8,878,439,439,0,737,370,367,3
"남자","키프러스",1,1,0,1,-,-,-,-,1,0,1,-1,11,2,9,-7,6,3,3,0
"남자","홍콩",40,29,11,18,13,7,6,1,11,8,3,5,288,137,151,-14,295,149,146,3
"남자","인도",462,274,188,86,417,268,149,119,499,292,207,85,3187,1590,1597,-7,4847,2952,1895,1057
"남자","인도네시아",2400,2005,395,1610,902,568,334,234,972,657,315,342,7144,2156,4988,-2832,19555,14671,4884,9787
"남자","이란",37,17,20,-3,22,14,8,6,16,10,6,4,184,98,86,12,261,132,129,3
"남자","이라크",22,16,6,10,17,11,6,5,8,4,4,0,307,180,127,53,258,136,122,14
"남자","이스라엘",7,6,1,5,7,2,5,-3,6,3,3,0,54,25,29,-4,40,21,19,2
"남자","일본",275,179,96,83,187,78,109,-31,123,56,67,-11,2614,1276,1338,-62,2381,1087,1294,-207
"남자","요르단",19,8,11,-3,20,16,4,12,16,8,8,0,155,77,78,-1,157,94,63,31
"남자","카자흐스탄",999,581,418,163,915,616,299,317,690,348,342,6,5880,2861,3019,-158,12083,9519,2564,6955
"남자","키르기스스탄",263,179,84,95,247,167,80,87,183,94,89,5,1445,787,658,129,2616,1988,628,1360
"남자","쿠웨이트",2,2,0,2,4,2,2,0,3,2,1,1,16,10,6,4,17,7,10,-3
"남자","라오스",335,189,146,43,194,116,78,38,404,151,253,-102,310,186,124,62,1110,877,233,644
"남자","레바논",2,2,0,2,1,0,1,-1,3,2,1,1,11,5,6,-1,19,4,15,-11
"남자","마카오",1,1,0,1,4,4,0,4,1,0,1,-1,16,8,8,0,14,9,5,4
"남자","말레이시아",333,250,83,167,220,177,43,134,203,145,58,87,1079,242,837,-595,1636,886,750,136
"남자","몰디브",-,-,-,-,1,1,0,1,-,-,-,-,5,2,3,-1,-,-,-,-
"남자","몽골",932,494,438,56,981,643,338,305,488,222,266,-44,6788,1591,5197,-3606,7632,5164,2468,2696
"남자","네팔",2397,2201,196,2005,950,701,249,452,601,318,283,35,4371,716,3655,-2939,18018,13525,4493,9032
"남자","오만",6,5,1,4,-,-,-,-,1,1,0,1,10,6,4,2,22,15,7,8
"남자","파키스탄",368,259,109,150,344,234,110,124,297,144,153,-9,2327,808,1519,-711,4646,3112,1534,1578
"남자","팔레스타인",3,2,1,1,3,1,2,-1,-,-,-,-,44,23,21,2,30,20,10,10
"남자","필리핀",1762,958,804,154,1885,764,1121,-357,2333,885,1448,-563,3765,787,2978,-2191,15098,9921,5177,4744
"남자","티모르민주공화국",113,97,16,81,104,85,19,66,81,47,34,13,426,291,135,156,1412,1221,191,1030
"남자","카타르",1,0,1,-1,-,-,-,-,3,1,2,-1,10,6,4,2,11,6,5,1
"남자","사우디아라비아",74,56,18,38,28,11,17,-6,13,5,8,-3,572,281,291,-10,402,194,208,-14
"남자","싱가포르",81,75,6,69,15,11,4,7,15,6,9,-3,205,111,94,17,392,188,204,-16
"남자","시리아",46,33,13,20,23,15,8,7,39,23,16,7,153,39,114,-75,407,214,193,21
"남자","타지키스탄",82,41,41,0,60,35,25,10,58,36,22,14,1060,631,429,202,1309,723,586,137
"남자","태국",1997,899,1098,-199,2117,1099,1018,81,2155,1024,1131,-107,9538,2771,6767,-3996,22161,13744,8417,5327
"남자","튀르키예",159,83,76,7,180,122,58,64,118,58,60,-2,336,133,203,-70,2016,1704,312,1392
"남자","투르크메니스탄",29,22,7,15,35,32,3,29,22,17,5,12,21,4,17,-13,118,96,22,74
"남자","아랍에미리트연합",64,30,34,-4,39,16,23,-7,32,11,21,-10,293,199,94,105,564,304,260,44
"남자","우즈베키스탄",1920,1119,801,318,2569,1884,685,1199,1431,718,713,5,15062,7812,7250,562,22918,15060,7858,7202
"남자","베트남",5103,3745,1358,2387,4418,3238,1180,2058,3952,2114,1838,276,17392,7928,9464,-1536,44937,28030,16907,11123
"남자","예멘공화국",35,25,10,15,32,20,12,8,30,16,14,2,128,44,84,-40,410,206,204,2
"남자","아르헨티나",8,3,5,-2,8,7,1,6,3,2,1,1,68,39,29,10,99,60,39,21
"남자","바하마",-,-,-,-,-,-,-,-,-,-,-,-,-,-,-,-,3,1,2,-1
"남자","바베이도스",-,-,-,-,1,0,1,-1,-,-,-,-,1,1,0,1,3,1,2,-1
"남자","벨리즈",-,-,-,-,-,-,-,-,-,-,-,-,6,3,3,0,1,0,1,-1
"남자","볼리비아",4,4,0,4,1,1,0,1,-,-,-,-,15,8,7,1,9,3,6,-3
"남자","브라질",57,38,19,19,33,17,16,1,39,9,30,-21,353,196,157,39,414,242,172,70
"남자","캐나다",359,219,140,79,348,204,144,60,313,194,119,75,3092,1336,1756,-420,4133,2186,1947,239
"남자","칠레",13,8,5,3,4,4,0,4,2,0,2,-2,44,22,22,0,69,38,31,7
"남자","콜롬비아",17,12,5,7,5,2,3,-1,4,3,1,2,100,56,44,12,106,54,52,2
"남자","코스타리카",4,4,0,4,2,2,0,2,1,0,1,-1,17,7,10,-3,9,6,3,3
"남자","쿠바",2,2,0,2,3,3,0,3,1,0,1,-1,15,12,3,9,14,7,7,0
"남자","도미니카연방",2,2,0,2,-,-,-,-,-,-,-,-,3,1,2,-1,2,0,2,-2
"남자","도미니카공화국",3,2,1,1,1,1,0,1,7,1,6,-5,37,22,15,7,32,12,20,-8
"남자","에콰도르",17,11,6,5,6,1,5,-4,3,0,3,-3,68,34,34,0,64,32,32,0
"남자","엘살바도르",-,-,-,-,1,1,0,1,-,-,-,-,13,5,8,-3,8,5,3,2
"남자","그레나다",-,-,-,-,-,-,-,-,-,-,-,-,-,-,-,-,1,1,0,1
"남자","과테말라",2,1,1,0,2,1,1,0,-,-,-,-,12,6,6,0,18,14,4,10
"남자","가이아나",1,1,0,1,-,-,-,-,-,-,-,-,1,1,0,1,5,3,2,1
"남자","아이티",4,0,4,-4,2,0,2,-2,-,-,-,-,7,3,4,-1,131,125,6,119
"남자","온두라스",-,-,-,-,-,-,-,-,1,0,1,-1,9,6,3,3,12,8,4,4
"남자","자메이카",1,0,1,-1,1,1,0,1,1,1,0,1,8,4,4,0,18,7,11,-4
"남자","멕시코",78,67,11,56,27,14,13,1,8,4,4,0,404,130,274,-144,515,270,245,25
"남자","네덜란드령앤틸리스",-,-,-,-,-,-,-,-,-,-,-,-,-,-,-,-,1,0,1,-1
"남자","니카라과",1,1,0,1,-,-,-,-,1,0,1,-1,4,0,4,-4,7,4,3,1
"남자","파나마",1,1,0,1,1,1,0,1,1,0,1,-1,10,5,5,0,10,6,4,2
"남자","파라과이",2,2,0,2,4,3,1,2,16,2,14,-12,15,9,6,3,25,17,8,9
"남자","페루",12,6,6,0,9,8,1,7,6,4,2,2,99,42,57,-15,123,74,49,25
"남자","세인트크리토퍼 네비스",-,-,-,-,-,-,-,-,1,0,1,-1,-,-,-,-,4,2,2,0
"남자","세인트빈센트그레나딘",-,-,-,-,-,-,-,-,-,-,-,-,1,1,0,1,-,-,-,-
"남자","수리남",-,-,-,-,-,-,-,-,-,-,-,-,2,1,1,0,-,-,-,-
"남자","트리니다드토바고",-,-,-,-,-,-,-,-,-,-,-,-,7,2,5,-3,5,4,1,3
"남자","우루과이",-,-,-,-,-,-,-,-,1,0,1,-1,6,3,3,0,3,1,2,-1
"남자","미국",2073,1332,741,591,1516,905,611,294,1358,769,589,180,14457,6736,7721,-985,16041,8485,7556,929
"남자","베네수엘라",1,1,0,1,5,2,3,-1,7,3,4,-1,63,21,42,-21,41,19,22,-3
"남자","알바니아",2,1,1,0,5,2,3,-1,-,-,-,-,14,4,10,-6,26,12,14,-2
"남자","안도라",-,-,-,-,-,-,-,-,-,-,-,-,1,1,0,1,1,0,1,-1
"남자","오스트리아",27,20,7,13,11,3,8,-5,5,1,4,-3,162,73,89,-16,177,89,88,1
"남자","아르메니아",1,1,0,1,1,1,0,1,1,1,0,1,9,3,6,-3,8,4,4,0
"남자","아제르바이잔",57,51,6,45,5,2,3,-1,2,0,2,-2,58,38,20,18,111,63,48,15
"남자","벨기에",39,31,8,23,19,14,5,9,8,3,5,-2,339,166,173,-7,302,139,163,-24
"남자","불가리아",4,4,0,4,2,2,0,2,3,2,1,1,41,20,21,-1,33,15,18,-3
"남자","벨로루시",6,3,3,0,1,0,1,-1,8,5,3,2,35,19,16,3,51,32,19,13
"남자","보스니아헤르체고비나",-,-,-,-,-,-,-,-,-,-,-,-,2,1,1,0,7,4,3,1
"남자","체코",27,22,5,17,4,1,3,-2,2,0,2,-2,129,65,64,1,153,80,73,7
"남자","에스토니아",3,2,1,1,-,-,-,-,-,-,-,-,10,5,5,0,10,6,4,2
"남자","덴마크",44,39,5,34,9,5,4,1,7,3,4,-1,215,114,101,13,235,108,127,-19
"남자","영국",227,151,76,75,127,51,76,-25,80,43,37,6,1463,725,738,-13,1663,842,821,21
"남자","영국 속령지 시민",-,-,-,-,-,-,-,-,-,-,-,-,1,0,1,-1,-,-,-,-
"남자","영국 외지민",-,-,-,-,-,-,-,-,-,-,-,-,12,5,7,-2,14,5,9,-4
"남자","영국 외지시민",-,-,-,-,-,-,-,-,-,-,-,-,1,1,0,1,-,-,-,-
"남자","핀란드",34,27,7,20,5,5,0,5,3,1,2,-1,182,90,92,-2,222,108,114,-6
"남자","프랑스",762,653,109,544,161,94,67,27,77,35,42,-7,2794,1130,1664,-534,3631,1783,1848,-65
"남자","조지아",1,1,0,1,1,1,0,1,-,-,-,-,19,11,8,3,22,13,9,4
"남자","독일",430,352,78,274,97,51,46,5,55,29,26,3,1840,965,875,90,2289,1151,1138,13
"남자","그리스",23,14,9,5,8,5,3,2,8,6,2,4,211,82,129,-47,155,60,95,-35
"남자","헝가리",6,6,0,6,3,3,0,3,-,-,-,-,41,14,27,-13,60,29,31,-2
"남자","아이슬랜드",-,-,-,-,-,-,-,-,5,2,3,-1,8,1,7,-6,17,6,11,-5
"남자","아일랜드",21,14,7,7,4,1,3,-2,7,1,6,-5,178,91,87,4,189,82,107,-25
"남자","이탈리아",75,59,16,43,39,26,13,13,18,6,12,-6,504,215,289,-74,469,238,231,7
"남자","코소보",1,1,0,1,1,1,0,1,-,-,-,-,1,0,1,-1,3,2,1,1
"남자","라트비아",4,4,0,4,3,3,0,3,-,-,-,-,12,5,7,-2,25,10,15,-5
"남자","룩셈부르크",3,3,0,3,2,0,2,-2,1,0,1,-1,8,4,4,0,11,8,3,5
"남자","리투아니아",12,12,0,12,5,3,2,1,1,1,0,1,51,23,28,-5,67,36,31,5
"남자","북마케도니아",1,1,0,1,-,-,-,-,-,-,-,-,6,3,3,0,5,3,2,1
"남자","몰타",-,-,-,-,-,-,-,-,-,-,-,-,1,1,0,1,1,0,1,-1
"남자","모나코",1,1,0,1,-,-,-,-,-,-,-,-,-,-,-,-,-,-,-,-
"남자","몰도바",1,1,0,1,1,1,0,1,-,-,-,-,7,5,2,3,10,7,3,4
"남자","몬테네그로",1,1,0,1,-,-,-,-,-,-,-,-,4,1,3,-2,14,5,9,-4
"남자","네덜란드",111,95,16,79,37,11,26,-15,21,11,10,1,413,199,214,-15,705,350,355,-5
"남자","노르웨이",31,28,3,25,2,1,1,0,5,3,2,1,152,74,78,-4,150,68,82,-14
"남자","폴란드",28,26,2,24,14,10,4,6,13,2,11,-9,179,91,88,3,184,96,88,8
"남자","포르투칼",22,16,6,10,7,4,3,1,2,0,2,-2,139,49,90,-41,112,39,73,-34
"남자","루마니아",14,10,4,6,4,3,1,2,5,1,4,-3,115,58,57,1,98,47,51,-4
"남자","러시아(연방)",1168,777,391,386,1473,1140,333,807,1136,750,386,364,7801,3141,4660,-1519,9246,6228,3018,3210
"남자","세르비아",2,1,1,0,1,1,0,1,3,2,1,1,35,14,21,-7,31,16,15,1
"남자","슬로바크",3,3,0,3,-,-,-,-,-,-,-,-,32,16,16,0,37,13,24,-11
"남자","슬로베니아",7,6,1,5,-,-,-,-,3,2,1,1,16,9,7,2,21,8,13,-5
"남자","스페인",87,74,13,61,15,10,5,5,23,8,15,-7,555,286,269,17,467,232,235,-3
"남자","스웨덴",76,65,11,54,14,10,4,6,11,4,7,-3,313,182,131,51,361,169,192,-23
"남자","스위스",46,38,8,30,15,7,8,-1,3,2,1,1,264,130,134,-4,246,135,111,24
"남자","우크라이나",28,7,21,-14,41,19,22,-3,25,11,14,-3,873,490,383,107,743,564,179,385
"남자","크로아티아",6,4,2,2,2,1,1,0,1,0,1,-1,41,16,25,-9,42,17,25,-8
"남자","오스트레일리아",144,88,56,32,127,80,47,33,118,69,49,20,846,427,419,8,1451,842,609,233
"남자","피지",5,4,1,3,4,1,3,-2,1,0,1,-1,15,6,9,-3,23,16,7,9
"남자","키리바시",1,0,1,-1,-,-,-,-,-,-,-,-,46,15,31,-16,1,0,1,-1
"남자","미크로네시아",-,-,-,-,-,-,-,-,-,-,-,-,2,0,2,-2,-,-,-,-
"남자","마샬군도",-,-,-,-,-,-,-,-,1,1,0,1,1,0,1,-1,4,3,1,2
"남자","뉴질랜드",28,12,16,-4,58,35,23,12,46,27,19,8,381,195,186,9,582,291,291,0
"남자","팔라우",-,-,-,-,1,0,1,-1,-,-,-,-,-,-,-,-,-,-,-,-
"남자","파푸아뉴기니",-,-,-,-,1,1,0,1,-,-,-,-,4,2,2,0,6,4,2,2
"남자","사모아",-,-,-,-,1,0,1,-1,-,-,-,-,-,-,-,-,-,-,-,-
"남자","솔로몬군도",1,0,1,-1,1,1,0,1,-,-,-,-,1,0,1,-1,2,2,0,2
"남자","통가",-,-,-,-,-,-,-,-,-,-,-,-,-,-,-,-,1,1,0,1
"남자","투발루",-,-,-,-,-,-,-,-,-,-,-,-,1,0,1,-1,-,-,-,-
"남자","바누아투",-,-,-,-,1,0,1,-1,-,-,-,-,34,13,21,-8,3,1,2,-1
"남자","알제리",9,8,1,7,11,6,5,1,11,4,7,-3,74,19,55,-36,70,27,43,-16
"남자","앙골라",1,1,0,1,2,1,1,0,-,-,-,-,15,5,10,-5,25,13,12,1
"남자","보츠와나",-,-,-,-,-,-,-,-,1,0,1,-1,5,3,2,1,5,2,3,-1
"남자","부룬디",27,26,1,25,49,48,1,47,4,3,1,2,34,20,14,6,90,73,17,56
"남자","카메룬",30,18,12,6,4,2,2,0,8,3,5,-2,102,37,65,-28,130,44,86,-42
"남자","중앙아프리카공화국",-,-,-,-,-,-,-,-,-,-,-,-,1,1,0,1,8,5,3,2
"남자","챠드",-,-,-,-,-,-,-,-,-,-,-,-,4,2,2,0,6,4,2,2
"남자","코모로",1,0,1,-1,-,-,-,-,1,1,0,1,-,-,-,-,6,3,3,0
"남자","콩고",2,1,1,0,-,-,-,-,1,0,1,-1,4,3,1,2,16,9,7,2
"남자","콩고민주공화국",12,11,1,10,6,3,3,0,8,5,3,2,56,33,23,10,40,26,14,12
"남자","베넹",-,-,-,-,2,1,1,0,-,-,-,-,7,2,5,-3,8,4,4,0
"남자","이집트",102,60,42,18,98,70,28,42,119,56,63,-7,581,180,401,-221,910,359,551,-192
"남자","적도기니아",-,-,-,-,-,-,-,-,-,-,-,-,5,3,2,1,3,2,1,1
"남자","에티오피아",55,43,12,31,42,26,16,10,23,12,11,1,165,88,77,11,207,119,88,31
"남자","에리트레아",-,-,-,-,-,-,-,-,-,-,-,-,1,1,0,1,3,2,1,1
"남자","가봉",3,3,0,3,-,-,-,-,1,0,1,-1,5,3,2,1,6,3,3,0
"남자","감비아",4,1,3,-2,6,3,3,0,2,1,1,0,24,7,17,-10,40,19,21,-2
"남자","가나",59,37,22,15,25,14,11,3,33,16,17,-1,306,140,166,-26,304,156,148,8
"남자","기니",6,2,4,-2,5,2,3,-1,6,1,5,-4,40,10,30,-20,48,16,32,-16
"남자","기니비사우",1,1,0,1,-,-,-,-,-,-,-,-,3,1,2,-1,4,0,4,-4
"남자","코트디부아르",14,12,2,10,3,2,1,1,9,1,8,-7,13,5,8,-3,26,15,11,4
"남자","케냐",32,29,3,26,10,7,3,4,6,3,3,0,97,49,48,1,134,90,44,46
"남자","레소토",-,-,-,-,-,-,-,-,1,0,1,-1,-,-,-,-,-,-,-,-
"남자","라이베리아",20,20,0,20,3,1,2,-1,5,0,5,-5,82,26,56,-30,61,26,35,-9
"남자","리비아",35,13,22,-9,29,20,9,11,7,3,4,-1,495,211,284,-73,424,253,171,82
"남자","마다가스카르",-,-,-,-,1,1,0,1,1,1,0,1,5,4,1,3,3,1,2,-1
"남자","말라위",5,4,1,3,1,0,1,-1,-,-,-,-,14,5,9,-4,22,17,5,12
"남자","말리",2,0,2,-2,2,2,0,2,6,0,6,-6,29,11,18,-7,90,60,30,30
"남자","모리타니",1,1,0,1,-,-,-,-,-,-,-,-,4,3,1,2,2,0,2,-2
"남자","모리셔스",-,-,-,-,2,1,1,0,-,-,-,-,4,1,3,-2,11,8,3,5
"남자","모로코",24,16,8,8,23,10,13,-3,23,7,16,-9,153,53,100,-47,334,207,127,80
"남자","모잠비크",3,1,2,-1,1,1,0,1,-,-,-,-,75,40,35,5,39,13,26,-13
"남자","나미비아",-,-,-,-,-,-,-,-,-,-,-,-,2,1,1,0,-,-,-,-
"남자","니제르",-,-,-,-,-,-,-,-,-,-,-,-,1,0,1,-1,-,-,-,-
"남자","나이지리아",61,41,20,21,47,25,22,3,14,4,10,-6,434,197,237,-40,524,249,275,-26
"남자","짐바브웨",11,8,3,5,2,1,1,0,2,1,1,0,22,11,11,0,18,10,8,2
"남자","르완다",35,31,4,27,18,13,5,8,5,3,2,1,88,51,37,14,156,113,43,70
"남자","세네갈",7,6,1,5,2,1,1,0,9,8,1,7,48,6,42,-36,40,18,22,-4
"남자","세이쉘",1,0,1,-1,-,-,-,-,-,-,-,-,-,-,-,-,-,-,-,-
"남자","시에라리온",6,5,1,4,1,0,1,-1,2,0,2,-2,22,14,8,6,10,8,2,6
"남자","소말리아",5,4,1,3,-,-,-,-,-,-,-,-,15,9,6,3,17,8,9,-1
"남자","남아프리카공화국",81,46,35,11,53,28,25,3,35,21,14,7,321,159,162,-3,574,359,215,144
"남자","수단",3,2,1,1,3,1,2,-1,5,2,3,-1,95,43,52,-9,111,61,50,11
"남자","스와질랜드",1,1,0,1,-,-,-,-,-,-,-,-,-,-,-,-,2,1,1,0
"남자","남수단공화국",3,3,0,3,1,0,1,-1,-,-,-,-,2,2,0,2,1,0,1,-1
"남자","탄자니아",36,31,5,26,21,17,4,13,10,8,2,6,107,63,44,19,221,167,54,113
"남자","토고",2,1,1,0,-,-,-,-,-,-,-,-,5,1,4,-3,13,4,9,-5
"남자","튀니지",17,12,5,7,41,35,6,29,57,52,5,47,41,14,27,-13,98,74,24,50
"남자","우간다",31,28,3,25,5,2,3,-1,15,8,7,1,103,47,56,-9,137,89,48,41
"남자","부르키나파소",2,2,0,2,1,1,0,1,3,1,2,-1,7,2,5,-3,12,6,6,0
"남자","잠비아",5,4,1,3,4,2,2,0,-,-,-,-,13,5,8,-3,16,10,6,4
"남자","무국적",1,0,1,-1,-,-,-,-,-,-,-,-,6,4,2,2,19,16,3,13
"남자","국제연합",1,0,1,-1,-,-,-,-,2,2,0,2,11,5,6,-1,12,5,7,-2
"남자","미상",1,0,1,-1,-,-,-,-,1,1,0,1,12,4,8,-4,20,5,15,-10
"여자","합계",43183,29974,13209,16765,30785,20404,10381,10023,23899,13692,10207,3485,230899,112765,118134,-5369,296314,183050,113264,69786
"여자","아프가니스탄",6,4,2,2,1,1,0,1,1,1,0,1,242,228,14,214,48,40,8,32
"여자","바레인",6,4,2,2,-,-,-,-,-,-,-,-,10,5,5,0,7,6,1,5
"여자","방글라데시",169,140,29,111,164,122,42,80,143,98,45,53,615,416,199,217,1090,708,382,326
"여자","부탄",1,1,0,1,1,1,0,1,-,-,-,-,15,10,5,5,15,10,5,5
"여자","브루나이",48,47,1,46,2,0,2,-2,1,0,1,-1,16,12,4,8,183,108,75,33
"여자","미얀마",286,260,26,234,465,438,27,411,71,57,14,43,727,626,101,525,1680,1551,129,1422
"여자","캄보디아",566,403,163,240,571,361,210,151,609,339,270,69,2874,1577,1297,280,5535,3893,1642,2251
"여자","스리랑카",139,120,19,101,141,129,12,117,76,59,17,42,247,126,121,5,537,407,130,277
"여자","중국",15297,10510,4787,5723,10832,7290,3542,3748,9288,6226,3062,3164,104487,47021,57466,-10445,85410,50856,34554,16302
"여자","타이완",708,552,156,396,210,109,101,8,131,73,58,15,2214,1205,1009,196,2752,1680,1072,608
"여자","키프러스",7,4,3,1,-,-,-,-,-,-,-,-,10,6,4,2,12,6,6,0
"여자","홍콩",182,120,62,58,71,35,36,-1,32,15,17,-2,924,484,440,44,1058,646,412,234
"여자","인도",373,248,125,123,203,126,77,49,180,85,95,-10,1830,1137,693,444,2677,1558,1119,439
"여자","인도네시아",711,597,114,483,234,155,79,76,121,77,44,33,1693,897,796,101,3294,1998,1296,702
"여자","이란",47,29,18,11,28,18,10,8,19,9,10,-1,266,165,101,64,310,184,126,58
"여자","이라크",9,8,1,7,3,1,2,-1,6,3,3,0,53,32,21,11,74,31,43,-12
"여자","이스라엘",25,17,8,9,14,8,6,2,8,6,2,4,83,39,44,-5,84,46,38,8
"여자","일본",1692,1151,541,610,706,460,246,214,336,163,173,-10,7756,4863,2893,1970,10330,6090,4240,1850
"여자","요르단",12,8,4,4,8,8,0,8,6,4,2,2,73,37,36,1,85,56,29,27
"여자","카자흐스탄",1093,710,383,327,941,685,256,429,609,377,232,145,5633,3250,2383,867,8300,6116,2184,3932
"여자","키르기스스탄",221,162,59,103,185,142,43,99,125,83,42,41,1145,766,379,387,1552,1068,484,584
"여자","쿠웨이트",2,2,0,2,-,-,-,-,-,-,-,-,14,9,5,4,19,9,10,-1
"여자","라오스",220,116,104,12,98,54,44,10,300,111,189,-78,219,157,62,95,647,433,214,219
"여자","레바논",3,1,2,-1,2,1,1,0,2,1,1,0,14,8,6,2,13,7,6,1
"여자","마카오",11,7,4,3,5,4,1,3,1,0,1,-1,45,20,25,-5,35,21,14,7
"여자","말레이시아",353,287,66,221,156,95,61,34,111,76,35,41,1017,511,506,5,1795,1041,754,287
"여자","몰디브",-,-,-,-,-,-,-,-,-,-,-,-,9,4,5,-1,2,1,1,0
"여자","몽골",1109,686,423,263,1194,878,316,562,549,245,304,-59,7064,2231,4833,-2602,8031,5624,2407,3217
"여자","네팔",489,445,44,401,474,405,69,336,175,93,82,11,740,283,457,-174,3090,2465,625,1840
"여자","오만",3,3,0,3,1,0,1,-1,-,-,-,-,19,10,9,1,30,16,14,2
"여자","파키스탄",124,102,22,80,135,106,29,77,88,47,41,6,784,406,378,28,892,524,368,156
"여자","팔레스타인",4,2,2,0,1,1,0,1,-,-,-,-,11,6,5,1,9,8,1,7
"여자","필리핀",816,454,362,92,628,364,264,100,666,284,382,-98,2480,1060,1420,-360,6243,3691,2552,1139
"여자","티모르민주공화국",19,15,4,11,5,5,0,5,3,1,2,-1,21,13,8,5,44,26,18,8
"여자","카타르",-,-,-,-,-,-,-,-,-,-,-,-,5,2,3,-1,5,3,2,1
"여자","사우디아라비아",75,56,19,37,14,5,9,-4,12,8,4,4,317,173,144,29,256,161,95,66
"여자","싱가포르",145,122,23,99,17,8,9,-1,14,8,6,2,258,165,93,72,620,336,284,52
"여자","시리아",4,4,0,4,3,1,2,-1,11,9,2,7,46,14,32,-18,185,102,83,19
"여자","타지키스탄",33,23,10,13,25,18,7,11,29,20,9,11,158,118,40,78,217,145,72,73
"여자","태국",2291,915,1376,-461,2329,1001,1328,-327,2369,898,1471,-573,10022,2395,7627,-5232,29986,21000,8986,12014
"여자","튀르키예",159,122,37,85,78,57,21,36,34,19,15,4,476,296,180,116,679,453,226,227
"여자","투르크메니스탄",14,13,1,12,31,26,5,21,13,7,6,1,22,7,15,-8,102,90,12,78
"여자","아랍에미리트연합",35,10,25,-15,29,12,17,-5,39,8,31,-23,238,157,81,76,465,273,192,81
"여자","우즈베키스탄",961,533,428,105,1181,800,381,419,763,435,328,107,8798,5280,3518,1762,11146,7148,3998,3150
"여자","베트남",4163,2876,1287,1589,4355,3157,1198,1959,3218,1556,1662,-106,17189,9474,7715,1759,41140,23620,17520,6100
"여자","예멘공화국",10,8,2,6,10,7,3,4,4,3,1,2,54,33,21,12,102,60,42,18
"여자","아르헨티나",10,7,3,4,8,5,3,2,4,3,1,2,59,39,20,19,86,58,28,30
"여자","바하마",-,-,-,-,1,1,0,1,-,-,-,-,4,1,3,-2,-,-,-,-
"여자","바베이도스",1,1,0,1,1,0,1,-1,-,-,-,-,1,1,0,1,2,2,0,2
"여자","벨리즈",-,-,-,-,-,-,-,-,-,-,-,-,2,1,1,0,6,3,3,0
"여자","볼리비아",3,1,2,-1,3,1,2,-1,1,0,1,-1,19,10,9,1,28,22,6,16
"여자","브라질",115,78,37,41,44,26,18,8,23,5,18,-13,489,295,194,101,699,426,273,153
"여자","캐나다",495,281,214,67,546,342,204,138,445,254,191,63,3820,1965,1855,110,5775,3199,2576,623
"여자","칠레",32,23,9,14,13,7,6,1,5,2,3,-1,104,57,47,10,183,117,66,51
"여자","콜롬비아",41,34,7,27,11,8,3,5,14,4,10,-6,193,111,82,29,238,144,94,50
"여자","코스타리카",5,5,0,5,2,1,1,0,1,0,1,-1,24,17,7,10,38,22,16,6
"여자","쿠바",4,4,0,4,2,0,2,-2,2,2,0,2,11,7,4,3,7,4,3,1
"여자","도미니카연방",3,3,0,3,-,-,-,-,-,-,-,-,2,2,0,2,3,0,3,-3
"여자","도미니카공화국",5,4,1,3,-,-,-,-,4,1,3,-2,20,12,8,4,29,16,13,3
"여자","에콰도르",21,19,2,17,4,2,2,0,4,1,3,-2,69,35,34,1,91,49,42,7
"여자","엘살바도르",5,5,0,5,1,1,0,1,3,1,2,-1,33,17,16,1,21,15,6,9
"여자","과테말라",4,2,2,0,2,0,2,-2,2,0,2,-2,19,10,9,1,25,12,13,-1
"여자","가이아나",4,4,0,4,3,1,2,-1,-,-,-,-,1,0,1,-1,5,5,0,5
"여자","아이티",-,-,-,-,1,0,1,-1,-,-,-,-,4,3,1,2,35,33,2,31
"여자","온두라스",1,1,0,1,1,1,0,1,2,0,2,-2,12,4,8,-4,10,5,5,0
"여자","자메이카",4,2,2,0,1,1,0,1,3,3,0,3,14,7,7,0,17,8,9,-1
"여자","멕시코",152,138,14,124,28,12,16,-4,16,7,9,-2,550,320,230,90,859,469,390,79
"여자","니카라과",3,3,0,3,-,-,-,-,1,1,0,1,16,7,9,-2,19,10,9,1
"여자","파나마",7,6,1,5,-,-,-,-,-,-,-,-,22,14,8,6,18,10,8,2
"여자","파라과이",3,3,0,3,1,1,0,1,3,1,2,-1,21,14,7,7,40,20,20,0
"여자","페루",36,27,9,18,9,3,6,-3,9,2,7,-5,122,61,61,0,172,113,59,54
"여자","세인트크리토퍼 네비스",-,-,-,-,-,-,-,-,-,-,-,-,1,1,0,1,5,3,2,1
"여자","세인트루시아",-,-,-,-,-,-,-,-,-,-,-,-,3,2,1,1,-,-,-,-
"여자","수리남",-,-,-,-,-,-,-,-,-,-,-,-,1,1,0,1,1,0,1,-1
"여자","트리니다드토바고",2,2,0,2,-,-,-,-,-,-,-,-,9,5,4,1,7,4,3,1
"여자","우루과이",2,2,0,2,2,2,0,2,-,-,-,-,14,9,5,4,14,7,7,0
"여자","미국",3053,2348,705,1643,1826,1124,702,422,1386,870,516,354,18908,10244,8664,1580,22370,12978,9392,3586
"여자","베네수엘라",4,3,1,2,6,5,1,4,9,1,8,-7,54,23,31,-8,53,30,23,7
"여자","알바니아",3,3,0,3,3,2,1,1,-,-,-,-,11,7,4,3,15,7,8,-1
"여자","오스트리아",45,36,9,27,14,9,5,4,6,3,3,0,173,104,69,35,246,132,114,18
"여자","아르메니아",11,8,3,5,3,2,1,1,2,1,1,0,27,17,10,7,12,8,4,4
"여자","아제르바이잔",45,44,1,43,7,5,2,3,2,1,1,0,57,41,16,25,79,47,32,15
"여자","벨기에",76,63,13,50,30,26,4,22,11,5,6,-1,393,226,167,59,471,227,244,-17
"여자","불가리아",15,14,1,13,2,0,2,-2,2,1,1,0,65,36,29,7,59,30,29,1
"여자","벨로루시",34,27,7,20,9,8,1,7,11,5,6,-1,160,98,62,36,188,109,79,30
"여자","보스니아헤르체고비나",3,1,2,-1,1,1,0,1,-,-,-,-,5,3,2,1,7,5,2,3
"여자","체코",59,47,12,35,5,4,1,3,3,2,1,1,143,75,68,7,207,117,90,27
"여자","에스토니아",10,10,0,10,-,-,-,-,1,1,0,1,40,21,19,2,42,22,20,2
"여자","덴마크",96,88,8,80,6,4,2,2,6,1,5,-4,247,141,106,35,312,168,144,24
"여자","영국",443,343,100,243,152,66,86,-20,64,34,30,4,1409,868,541,327,1795,1038,757,281
"여자","영국 속령지 시민",1,1,0,1,-,-,-,-,-,-,-,-,1,1,0,1,1,0,1,-1
"여자","영국 외지민",3,0,3,-3,1,1,0,1,2,1,1,0,20,12,8,4,35,22,13,9
"여자","핀란드",90,78,12,66,9,7,2,5,1,0,1,-1,298,149,149,0,434,228,206,22
"여자","프랑스",1040,858,182,676,224,127,97,30,140,66,74,-8,3201,1509,1692,-183,5169,2830,2339,491
"여자","조지아",14,13,1,12,2,2,0,2,-,-,-,-,38,19,19,0,40,26,14,12
"여자","독일",888,739,149,590,195,106,89,17,74,37,37,0,2542,1455,1087,368,3467,1913,1554,359
"여자","그리스",17,12,5,7,6,5,1,4,-,-,-,-,52,28,24,4,64,34,30,4
"여자","헝가리",60,51,9,42,3,1,2,-1,5,3,2,1,127,74,53,21,182,98,84,14
"여자","아이슬랜드",12,10,2,8,-,-,-,-,1,0,1,-1,6,4,2,2,21,12,9,3
"여자","아일랜드",33,26,7,19,11,5,6,-1,6,1,5,-4,174,105,69,36,213,117,96,21
"여자","이탈리아",183,156,27,129,45,34,11,23,25,13,12,1,620,350,270,80,843,487,356,131
"여자","코소보",-,-,-,-,2,2,0,2,-,-,-,-,3,1,2,-1,3,2,1,1
"여자","라트비아",21,21,0,21,4,3,1,2,2,1,1,0,52,35,17,18,54,23,31,-8
"여자","리히텐슈타인",-,-,-,-,-,-,-,-,-,-,-,-,2,1,1,0,-,-,-,-
"여자","룩셈부르크",3,3,0,3,1,1,0,1,-,-,-,-,20,10,10,0,26,14,12,2
"여자","리투아니아",30,29,1,28,2,2,0,2,1,0,1,-1,106,62,44,18,115,59,56,3
"여자","북마케도니아",-,-,-,-,-,-,-,-,-,-,-,-,3,3,0,3,4,1,3,-2
"여자","몰타",-,-,-,-,-,-,-,-,1,0,1,-1,3,1,2,-1,1,1,0,1
"여자","몰도바",10,10,0,10,1,1,0,1,-,-,-,-,38,18,20,-2,20,11,9,2
"여자","몬테네그로",-,-,-,-,-,-,-,-,-,-,-,-,3,2,1,1,7,3,4,-1
"여자","네덜란드",239,211,28,183,29,14,15,-1,18,9,9,0,480,294,186,108,1106,579,527,52
"여자","노르웨이",55,46,9,37,5,0,5,-5,6,2,4,-2,143,88,55,33,219,108,111,-3
"여자","폴란드",97,80,17,63,22,16,6,10,18,5,13,-8,322,197,125,72,428,232,196,36
"여자","포르투칼",23,15,8,7,6,3,3,0,4,0,4,-4,152,62,90,-28,143,71,72,-1
"여자","루마니아",15,12,3,9,9,2,7,-5,1,0,1,-1,107,67,40,27,133,65,68,-3
"여자","러시아(연방)",1414,949,465,484,1202,868,334,534,887,560,327,233,8237,4173,4064,109,9154,6096,3058,3038
"여자","세르비아",6,6,0,6,7,7,0,7,3,1,2,-1,37,17,20,-3,23,14,9,5
"여자","슬로바크",22,17,5,12,2,2,0,2,1,0,1,-1,66,36,30,6,64,32,32,0
"여자","슬로베니아",6,6,0,6,-,-,-,-,-,-,-,-,19,12,7,5,28,13,15,-2
"여자","스페인",228,201,27,174,49,27,22,5,27,15,12,3,737,456,281,175,977,530,447,83
"여자","스웨덴",114,91,23,68,36,28,8,20,11,3,8,-5,433,253,180,73,621,338,283,55
"여자","스위스",59,46,13,33,17,9,8,1,3,2,1,1,227,135,92,43,306,158,148,10
"여자","우크라이나",81,43,38,5,67,38,29,9,49,12,37,-25,927,565,362,203,1329,1061,268,793
"여자","크로아티아",5,4,1,3,1,0,1,-1,1,1,0,1,36,20,16,4,29,18,11,7
"여자","오스트레일리아",179,124,55,69,126,77,49,28,126,84,42,42,892,483,409,74,1686,1034,652,382
"여자","피지",5,5,0,5,1,0,1,-1,-,-,-,-,7,4,3,1,9,5,4,1
"여자","키리바시",-,-,-,-,-,-,-,-,-,-,-,-,2,0,2,-2,-,-,-,-
"여자","미크로네시아",1,1,0,1,-,-,-,-,-,-,-,-,1,0,1,-1,2,2,0,2
"여자","마샬군도",-,-,-,-,-,-,-,-,-,-,-,-,-,-,-,-,3,3,0,3
"여자","나우루",-,-,-,-,-,-,-,-,-,-,-,-,-,-,-,-,2,1,1,0
"여자","뉴질랜드",63,37,26,11,56,31,25,6,46,27,19,8,366,191,175,16,676,389,287,102
"여자","팔라우",-,-,-,-,2,0,2,-2,-,-,-,-,-,-,-,-,1,0,1,-1
"여자","파푸아뉴기니",-,-,-,-,-,-,-,-,-,-,-,-,4,2,2,0,5,3,2,1
"여자","사모아",1,0,1,-1,-,-,-,-,-,-,-,-,-,-,-,-,-,-,-,-
"여자","솔로몬군도",1,1,0,1,-,-,-,-,-,-,-,-,5,2,3,-1,2,1,1,0
"여자","바누아투",-,-,-,-,-,-,-,-,1,1,0,1,1,0,1,-1,2,2,0,2
"여자","알제리",12,11,1,10,9,4,5,-1,6,2,4,-2,49,30,19,11,71,46,25,21
"여자","앙골라",2,2,0,2,4,4,0,4,-,-,-,-,7,2,5,-3,9,8,1,7
"여자","보츠와나",4,4,0,4,1,1,0,1,-,-,-,-,9,5,4,1,16,10,6,4
"여자","부룬디",10,9,1,8,6,5,1,4,-,-,-,-,16,12,4,8,23,16,7,9
"여자","카메룬",19,13,6,7,3,1,2,-1,3,2,1,1,77,34,43,-9,96,45,51,-6
"여자","중앙아프리카공화국",-,-,-,-,-,-,-,-,-,-,-,-,-,-,-,-,1,1,0,1
"여자","챠드",-,-,-,-,-,-,-,-,-,-,-,-,-,-,-,-,2,1,1,0
"여자","코모로",3,1,2,-1,1,1,0,1,-,-,-,-,-,-,-,-,3,2,1,1
"여자","콩고",1,1,0,1,-,-,-,-,-,-,-,-,1,0,1,-1,-,-,-,-
"여자","콩고민주공화국",6,3,3,0,5,5,0,5,3,3,0,3,15,10,5,5,40,29,11,18
"여자","베넹",-,-,-,-,-,-,-,-,-,-,-,-,3,1,2,-1,-,-,-,-
"여자","지부티",-,-,-,-,-,-,-,-,-,-,-,-,2,1,1,0,2,1,1,0
"여자","이집트",49,35,14,21,35,21,14,7,18,11,7,4,181,124,57,67,282,165,117,48
"여자","적도기니아",-,-,-,-,1,0,1,-1,-,-,-,-,-,-,-,-,3,2,1,1
"여자","에티오피아",22,18,4,14,24,20,4,16,10,3,7,-4,89,58,31,27,123,75,48,27
"여자","에리트레아",-,-,-,-,-,-,-,-,-,-,-,-,1,1,0,1,2,0,2,-2
"여자","가봉",1,0,1,-1,2,2,0,2,-,-,-,-,15,9,6,3,30,18,12,6
"여자","감비아",2,1,1,0,1,0,1,-1,-,-,-,-,5,1,4,-3,6,5,1,4
"여자","가나",21,14,7,7,11,8,3,5,9,4,5,-1,99,48,51,-3,90,52,38,14
"여자","기니",1,1,0,1,2,0,2,-2,-,-,-,-,6,3,3,0,9,4,5,-1
"여자","기니비사우",-,-,-,-,-,-,-,-,-,-,-,-,1,1,0,1,2,0,2,-2
"여자","코트디부아르",6,5,1,4,1,1,0,1,8,0,8,-8,18,10,8,2,21,13,8,5
"여자","케냐",22,17,5,12,8,3,5,-2,3,1,2,-1,71,39,32,7,83,64,19,45
"여자","레소토",1,1,0,1,1,1,0,1,-,-,-,-,1,0,1,-1,2,2,0,2
"여자","라이베리아",3,2,1,1,1,1,0,1,1,0,1,-1,15,5,10,-5,25,17,8,9
"여자","리비아",10,6,4,2,14,11,3,8,11,4,7,-3,87,42,45,-3,103,57,46,11
"여자","마다가스카르",4,4,0,4,1,1,0,1,-,-,-,-,7,5,2,3,16,8,8,0
"여자","말라위",5,5,0,5,1,0,1,-1,1,0,1,-1,12,6,6,0,18,11,7,4
"여자","말리",1,1,0,1,1,1,0,1,-,-,-,-,2,0,2,-2,8,7,1,6
"여자","모리타니",-,-,-,-,-,-,-,-,-,-,-,-,4,3,1,2,1,1,0,1
"여자","모리셔스",1,1,0,1,1,1,0,1,-,-,-,-,11,5,6,-1,10,8,2,6
"여자","모로코",64,54,10,44,27,19,8,11,28,18,10,8,299,191,108,83,466,301,165,136
"여자","모잠비크",1,1,0,1,1,1,0,1,-,-,-,-,25,11,14,-3,15,10,5,5
"여자","나미비아",-,-,-,-,1,1,0,1,-,-,-,-,-,-,-,-,2,1,1,0
"여자","니제르",-,-,-,-,1,1,0,1,1,1,0,1,-,-,-,-,-,-,-,-
"여자","나이지리아",33,23,10,13,15,8,7,1,5,2,3,-1,122,79,43,36,154,98,56,42
"여자","짐바브웨",7,4,3,1,1,0,1,-1,-,-,-,-,27,16,11,5,21,11,10,1
"여자","르완다",14,14,0,14,3,1,2,-1,3,2,1,1,34,20,14,6,56,38,18,20
"여자","세네갈",7,6,1,5,-,-,-,-,-,-,-,-,16,11,5,6,20,12,8,4
"여자","세이쉘",-,-,-,-,-,-,-,-,-,-,-,-,1,0,1,-1,-,-,-,-
"여자","시에라리온",3,3,0,3,2,1,1,0,-,-,-,-,6,3,3,0,2,2,0,2
"여자","소말리아",2,1,1,0,-,-,-,-,-,-,-,-,3,0,3,-3,2,2,0,2
"여자","남아프리카공화국",239,154,85,69,124,73,51,22,89,59,30,29,571,308,263,45,1399,1017,382,635
"여자","수단",6,3,3,0,4,2,2,0,4,4,0,4,18,11,7,4,36,26,10,16
"여자","스와질랜드",-,-,-,-,-,-,-,-,-,-,-,-,3,2,1,1,4,2,2,0
"여자","남수단공화국",1,1,0,1,1,1,0,1,-,-,-,-,2,2,0,2,4,4,0,4
"여자","탄자니아",28,21,7,14,3,2,1,1,4,1,3,-2,38,24,14,10,80,54,26,28
"여자","토고",-,-,-,-,-,-,-,-,-,-,-,-,4,2,2,0,2,1,1,0
"여자","튀니지",26,21,5,16,18,14,4,10,11,10,1,9,47,28,19,9,81,61,20,41
"여자","우간다",20,15,5,10,2,1,1,0,11,5,6,-1,45,21,24,-3,74,52,22,30
"여자","부르키나파소",2,2,0,2,1,0,1,-1,-,-,-,-,2,2,0,2,6,2,4,-2
"여자","잠비아",7,5,2,3,4,2,2,0,-,-,-,-,14,8,6,2,26,12,14,-2
"여자","무국적",2,2,0,2,1,1,0,1,-,-,-,-,3,2,1,1,26,24,2,22
"여자","국제연합",-,-,-,-,-,-,-,-,-,-,-,-,7,1,6,-5,5,3,2,1
"여자","미상",-,-,-,-,-,-,-,-,2,0,2,-2,14,6,8,-2,14,4,10,-6
